position,A,C,D,E,F,G,H,I,K,L,M,N,P,Q,R,S,T,U,V,W,Y,X,IMGT
0,0,0,0,0,0,0,0,0,0,0,0,1,0,20,0,10,0,0,0,0,0,0,1
1,3,0,0,0,1,0,0,0,0,1,0,0,4,0,0,11,2,0,0,0,9,0,2
2,5,0,0,9,0,1,0,0,0,0,1,0,0,0,0,0,0,0,15,0,0,0,3
3,0,0,0,0,0,0,0,0,0,28,0,0,0,0,0,0,0,0,3,0,0,0,4
4,0,0,0,0,0,0,0,0,0,0,1,0,0,0,0,0,30,0,0,0,0,0,5
5,0,0,0,0,0,0,0,0,0,0,0,0,0,31,0,0,0,0,0,0,0,0,6
6,0,0,1,3,0,0,0,0,0,1,0,0,24,0,0,2,0,0,0,0,0,0,7
7,3,0,0,0,0,0,2,0,0,1,0,0,20,0,1,3,1,0,0,0,0,0,8
8,1,0,0,0,0,0,0,0,0,0,0,0,0,0,0,30,0,0,0,0,0,0,9
9,5,0,0,0,1,0,1,0,0,4,0,0,0,0,0,1,0,0,19,0,0,0,11
10,0,0,0,0,0,0,0,0,0,0,0,0,0,0,0,29,2,0,0,0,0,0,12
11,7,0,0,2,0,8,0,0,1,0,0,0,0,0,0,0,0,0,13,0,0,0,13
12,7,0,0,0,0,1,0,0,0,0,0,0,0,0,0,21,2,0,0,0,0,0,14
13,0,0,0,0,0,0,0,0,0,6,0,0,23,0,0,1,1,0,0,0,0,0,15
14,1,0,0,0,0,28,0,0,0,0,0,0,0,0,2,0,0,0,0,0,0,0,16
15,4,0,0,1,0,3,0,0,2,0,0,0,0,20,0,1,0,0,0,0,0,0,17
16,0,0,0,0,0,0,0,0,1,0,2,0,0,0,4,11,13,0,0,0,0,0,18
17,13,0,0,0,0,0,0,2,0,0,0,0,0,0,0,0,0,0,16,0,0,0,19
18,0,0,0,0,0,0,0,0,2,0,0,0,0,0,12,2,15,0,0,0,0,0,20
19,0,0,0,0,1,0,0,21,0,9,0,0,0,0,0,0,0,0,0,0,0,0,21
20,0,0,0,0,0,0,0,0,0,0,0,0,0,0,0,11,20,0,0,0,0,0,22
21,0,31,0,0,0,0,0,0,0,0,0,0,0,0,0,0,0,0,0,0,0,0,23
22,1,0,0,0,0,5,0,0,0,0,1,0,0,1,0,10,13,0,0,0,0,0,24
23,0,0,0,0,0,21,0,0,0,7,0,0,0,0,1,2,0,0,0,0,0,0,25
24,0,0,6,1,0,0,0,0,0,0,0,4,1,0,2,12,5,0,0,0,0,0,26
25,3,0,0,0,0,0,0,0,1,0,0,3,0,0,0,20,2,0,2,0,0,0,27
26,0,0,1,0,0,9,0,3,0,7,0,1,0,0,0,10,0,0,0,0,0,0,28
27,3,0,5,0,1,5,2,3,0,0,0,6,3,0,1,2,0,0,0,0,0,0,29
28,0,0,0,0,0,0,0,6,0,0,0,3,0,0,0,3,0,0,9,0,0,0,30
29,0,0,0,0,0,6,0,0,0,0,0,0,0,0,0,1,2,0,4,0,0,0,31
30,2,0,0,0,0,12,0,0,0,0,0,0,0,0,0,4,1,0,0,0,0,0,35
31,0,0,2,1,0,3,0,0,4,0,0,3,0,0,0,11,2,0,0,0,5,0,36
32,0,0,0,0,1,0,1,0,7,0,0,11,0,2,0,0,0,0,0,0,9,0,37
33,3,0,1,0,0,1,0,1,0,1,0,2,0,0,3,1,1,0,0,1,16,0,38
34,8,0,0,0,0,0,0,6,0,0,0,0,3,0,0,0,0,0,14,0,0,0,39
35,3,1,1,0,0,0,4,0,0,0,0,3,0,1,2,8,0,0,0,0,8,0,40
36,0,0,0,0,0,0,0,0,0,0,0,0,0,0,0,0,0,0,0,31,0,0,41
37,0,0,0,0,3,0,2,0,0,1,0,0,0,0,0,0,0,0,0,0,25,0,42
38,0,0,0,0,0,0,0,0,0,0,0,0,0,31,0,0,0,0,0,0,0,0,43
39,0,0,0,0,0,0,0,0,0,0,0,0,0,31,0,0,0,0,0,0,0,0,44
40,0,0,0,0,0,0,5,0,16,5,0,0,1,2,1,0,1,0,0,0,0,0,45
41,0,0,0,0,0,0,0,0,0,0,0,0,29,1,0,1,0,0,0,0,0,0,46
42,0,0,0,1,0,30,0,0,0,0,0,0,0,0,0,0,0,0,0,0,0,0,47
43,0,0,0,0,0,0,1,0,7,0,0,1,0,13,0,4,5,0,0,0,0,0,48
44,21,0,1,0,1,1,0,0,0,1,0,0,4,0,0,2,0,0,0,0,0,0,49
45,0,0,0,0,0,0,0,0,0,0,0,0,31,0,0,0,0,0,0,0,0,0,50
46,0,0,0,1,0,0,0,0,11,0,0,0,0,1,8,0,1,0,9,0,0,0,51
47,1,0,0,0,0,0,0,0,0,21,0,0,0,0,0,0,3,0,0,0,6,0,52
48,0,0,0,0,0,0,0,0,0,15,5,0,0,0,0,0,0,0,11,0,0,0,53
49,0,0,0,0,0,0,0,24,0,4,2,0,0,0,0,1,0,0,0,0,0,0,54
50,0,0,0,0,0,0,0,0,2,0,0,0,0,0,2,0,0,0,0,0,27,0,55
51,0,0,3,7,0,2,0,0,3,2,0,0,0,1,3,4,0,0,0,0,6,0,56
52,0,0,0,1,0,0,1,0,2,0,0,1,0,0,0,0,0,0,0,0,1,0,57
53,0,0,0,0,0,1,0,0,0,0,0,0,0,0,0,5,0,0,0,0,0,0,58
54,0,0,5,0,0,0,0,0,0,0,0,0,0,0,0,1,0,0,0,0,0,0,63
55,0,0,0,0,0,2,0,0,0,0,0,0,0,0,0,4,0,0,0,0,0,0,64
56,0,0,14,0,0,1,0,0,1,0,0,6,0,0,0,2,3,0,4,0,0,0,65
57,0,0,1,0,0,0,1,0,4,0,0,7,0,0,0,17,0,0,0,0,1,0,66
58,0,0,1,4,0,2,0,0,6,1,0,10,0,5,0,1,1,0,0,0,0,0,67
59,0,0,0,0,0,0,0,0,4,1,0,0,0,4,22,0,0,0,0,0,0,0,68
60,0,0,0,0,0,6,2,0,0,0,0,0,21,0,0,1,0,0,0,0,1,0,69
61,0,0,1,0,0,0,0,0,0,0,0,0,1,0,0,29,0,0,0,0,0,0,70
62,0,0,0,0,0,29,0,0,0,0,0,0,0,0,0,0,0,0,0,2,0,0,71
63,0,0,0,0,0,0,0,13,0,0,0,0,0,0,0,0,2,0,16,0,0,0,72
64,0,0,0,0,0,0,0,0,0,0,0,0,27,0,0,4,0,0,0,0,0,0,73
65,2,0,13,10,0,0,0,0,0,0,0,2,0,0,0,4,0,0,0,0,0,0,74
66,0,0,0,0,0,0,0,0,0,0,0,0,0,0,31,0,0,0,0,0,0,0,75
67,0,0,0,0,30,0,0,0,0,1,0,0,0,0,0,0,0,0,0,0,0,0,76
68,0,0,0,0,0,0,0,0,0,0,0,0,0,0,0,31,0,0,0,0,0,0,77
69,1,0,0,0,0,30,0,0,0,0,0,0,0,0,0,0,0,0,0,0,0,0,78
70,0,0,0,0,0,0,0,0,0,0,0,0,0,0,0,31,0,0,0,0,0,0,79
71,0,0,0,0,0,0,0,2,13,2,0,5,0,0,1,7,1,0,0,0,0,0,80
72,0,0,5,0,0,0,0,0,0,3,0,0,1,0,0,22,0,0,0,0,0,0,81
73,4,0,0,0,0,26,0,0,0,0,0,0,0,0,0,1,0,0,0,0,0,0,82
74,0,0,0,0,0,0,0,0,0,0,0,0,0,0,0,5,0,0,0,0,0,0,83
75,3,0,0,0,0,0,0,0,0,0,0,0,0,0,0,1,1,0,0,0,0,0,84
76,2,0,0,0,0,2,0,0,0,0,0,18,0,0,0,0,9,0,0,0,0,0,85
77,3,0,1,1,0,0,0,1,3,0,1,0,0,0,0,6,15,0,0,0,0,0,86
78,21,0,0,0,0,4,0,0,0,0,0,0,0,0,2,0,1,0,3,0,0,0,87
79,3,0,0,0,0,0,0,3,0,1,0,0,0,0,0,12,10,0,0,0,2,0,88
80,0,0,0,0,0,0,0,0,0,31,0,0,0,0,0,0,0,0,0,0,0,0,89
81,4,0,0,0,0,1,0,0,0,3,0,0,0,0,1,0,22,0,0,0,0,0,90
82,0,0,0,0,0,0,0,28,0,2,0,0,0,0,0,0,0,0,1,0,0,0,91
83,0,0,0,0,0,0,0,0,0,0,0,0,0,0,0,26,5,0,0,0,0,0,92
84,0,0,0,0,0,25,0,0,0,0,0,1,0,0,4,1,0,0,0,0,0,0,93
85,6,0,0,0,0,0,0,1,0,18,0,0,0,0,0,0,1,0,5,0,0,0,94
86,0,0,0,2,0,0,0,0,1,1,0,0,0,26,1,0,0,0,0,0,0,0,95
87,14,0,0,0,0,0,0,0,0,1,0,0,4,0,0,7,3,0,2,0,0,0,96
88,0,0,1,25,0,4,0,0,0,0,1,0,0,0,0,0,0,0,0,0,0,0,97
89,0,0,31,0,0,0,0,0,0,0,0,0,0,0,0,0,0,0,0,0,0,0,98
90,0,0,0,31,0,0,0,0,0,0,0,0,0,0,0,0,0,0,0,0,0,0,99
91,30,0,0,0,0,0,0,0,0,0,0,0,0,0,0,1,0,0,0,0,0,0,100
92,0,0,29,2,0,0,0,0,0,0,0,0,0,0,0,0,0,0,0,0,0,0,101
93,0,0,0,0,0,0,0,0,0,0,0,0,0,0,0,0,0,0,0,0,31,0,102
94,0,0,0,0,0,0,0,0,0,0,0,0,0,0,0,0,0,0,0,0,31,0,103
95,0,31,0,0,0,0,0,0,0,0,0,0,0,0,0,0,0,0,0,0,0,0,104
96,4,2,0,1,0,2,0,0,0,4,2,1,0,8,0,4,0,0,1,0,2,0,105
97,5,0,0,0,0,0,0,3,0,4,0,0,0,0,0,12,4,0,3,0,0,0,106
98,3,0,0,0,0,1,0,0,0,0,0,0,0,0,1,1,1,0,0,15,9,0,107
99,4,0,17,0,0,1,2,0,0,0,1,0,1,0,0,0,2,0,0,0,3,0,108
100,0,0,4,1,0,5,0,0,0,0,0,0,0,0,0,20,1,0,0,0,0,0,109
101,0,0,0,0,0,0,0,0,0,0,0,1,0,0,0,17,0,0,0,0,0,0,110
102,0,0,0,0,0,6,0,0,0,6,0,2,0,0,0,11,0,0,0,0,1,0,113
103,4,0,3,0,0,2,0,0,1,0,0,7,0,0,0,5,9,0,0,0,0,0,114
104,4,0,0,0,3,4,4,2,0,2,0,3,0,1,1,3,2,0,0,0,2,0,115
105,14,0,0,0,0,0,0,0,0,0,0,7,0,0,0,0,0,0,7,7,7,0,116
106,0,0,0,0,0,0,0,0,0,0,0,0,0,0,0,0,0,0,42,0,0,0,117
107,0,0,0,0,42,0,0,0,0,0,0,0,0,0,0,0,0,0,0,0,0,0,118
108,0,0,0,0,0,42,0,0,0,0,0,0,0,0,0,0,0,0,0,0,0,0,119
109,0,0,0,0,0,28,0,0,0,0,0,0,0,0,0,7,7,0,0,0,0,0,120
110,0,0,0,0,0,42,0,0,0,0,0,0,0,0,0,0,0,0,0,0,0,0,121
111,0,0,0,0,0,0,0,0,0,0,0,0,0,0,0,0,42,0,0,0,0,0,122
112,0,0,0,0,0,0,0,0,28,0,0,0,0,14,0,0,0,0,0,0,0,0,123
113,0,0,0,0,0,0,0,0,0,28,0,0,0,0,0,0,0,0,14,0,0,0,124
114,0,0,0,0,0,0,0,0,0,0,0,0,0,0,0,0,42,0,0,0,0,0,125
115,7,0,0,0,0,0,0,0,0,0,0,0,0,0,0,0,0,0,35,0,0,0,126
116,0,0,0,0,0,0,0,0,0,42,0,0,0,0,0,0,0,0,0,0,0,0,127
117,0,0,0,0,0,42,0,0,0,0,0,0,0,0,0,0,0,0,0,0,0,0,128
118,0,0,0,0,0,0,0,0,0,0,0,0,0,42,0,0,0,0,0,0,0,0,129
119,0,0,0,0,0,0,0,0,0,0,0,0,42,0,0,0,0,0,0,0,0,0,130
120,0,0,0,0,0,0,0,0,42,0,0,0,0,0,0,0,0,0,0,0,0,0,131
121,42,0,0,0,0,0,0,0,0,0,0,0,0,0,0,0,0,0,0,0,0,0,132
122,36,0,0,0,0,0,0,0,0,0,0,6,0,0,0,0,0,0,0,0,0,0,133
123,0,0,0,0,0,0,0,0,0,0,0,0,42,0,0,0,0,0,0,0,0,0,134
124,0,0,0,0,0,0,0,0,0,0,0,0,0,0,0,36,6,0,0,0,0,0,135
125,0,0,0,0,0,0,0,0,0,0,0,0,0,0,0,0,0,0,42,0,0,0,136
126,0,0,0,0,0,0,0,0,0,0,0,0,0,0,0,0,42,0,0,0,0,0,137
127,0,0,0,0,0,0,0,0,0,42,0,0,0,0,0,0,0,0,0,0,0,0,138
128,0,0,0,0,42,0,0,0,0,0,0,0,0,0,0,0,0,0,0,0,0,0,139
129,0,0,0,0,0,0,0,0,0,0,0,0,42,0,0,0,0,0,0,0,0,0,140
130,0,0,0,0,0,0,0,0,0,0,0,0,42,0,0,0,0,0,0,0,0,0,141
131,0,0,0,0,0,0,0,0,0,0,0,0,0,0,0,42,0,0,0,0,0,0,142
132,0,0,0,0,0,0,0,0,0,0,0,0,0,0,0,42,0,0,0,0,0,0,143
133,0,0,0,42,0,0,0,0,0,0,0,0,0,0,0,0,0,0,0,0,0,0,144
134,0,0,0,42,0,0,0,0,0,0,0,0,0,0,0,0,0,0,0,0,0,0,145
135,0,0,0,0,0,0,0,0,0,42,0,0,0,0,0,0,0,0,0,0,0,0,146
136,0,0,0,0,0,0,0,0,0,0,0,0,0,42,0,0,0,0,0,0,0,0,147
137,42,0,0,0,0,0,0,0,0,0,0,0,0,0,0,0,0,0,0,0,0,0,148
138,0,0,0,0,0,0,0,0,0,0,0,42,0,0,0,0,0,0,0,0,0,0,149
139,0,0,0,0,0,0,0,0,42,0,0,0,0,0,0,0,0,0,0,0,0,0,150
140,42,0,0,0,0,0,0,0,0,0,0,0,0,0,0,0,0,0,0,0,0,0,151
141,0,0,0,0,0,0,0,0,0,0,0,0,0,0,0,0,42,0,0,0,0,0,152
142,0,0,0,0,0,0,0,0,0,42,0,0,0,0,0,0,0,0,0,0,0,0,153
143,0,0,0,0,0,0,0,0,0,0,0,0,0,0,0,0,0,0,42,0,0,0,154
144,0,42,0,0,0,0,0,0,0,0,0,0,0,0,0,0,0,0,0,0,0,0,155
145,0,0,0,0,0,0,0,0,0,42,0,0,0,0,0,0,0,0,0,0,0,0,156
146,0,0,0,0,0,0,0,30,0,0,0,0,0,0,0,0,0,0,12,0,0,0,157
147,0,0,0,0,0,0,0,0,0,0,0,0,0,0,0,42,0,0,0,0,0,0,158
148,0,0,42,0,0,0,0,0,0,0,0,0,0,0,0,0,0,0,0,0,0,0,159
149,0,0,0,0,42,0,0,0,0,0,0,0,0,0,0,0,0,0,0,0,0,0,160
150,0,0,0,0,0,0,0,0,0,0,0,6,0,0,0,0,0,0,0,0,36,0,161
151,0,0,0,0,0,0,0,0,0,0,0,0,42,0,0,0,0,0,0,0,0,0,162
152,0,0,0,0,0,42,0,0,0,0,0,0,0,0,0,0,0,0,0,0,0,0,163
153,36,0,0,0,0,0,0,0,0,0,0,0,6,0,0,0,0,0,0,0,0,0,164
154,0,0,0,0,0,0,0,0,0,0,0,0,0,0,0,0,0,0,42,0,0,0,165
155,0,0,0,0,0,0,0,0,6,0,0,0,0,0,0,0,36,0,0,0,0,0,166
156,0,0,0,0,0,0,0,0,0,0,0,0,0,0,0,0,0,0,42,0,0,0,167
157,42,0,0,0,0,0,0,0,0,0,0,0,0,0,0,0,0,0,0,0,0,0,168
158,0,0,0,0,0,0,0,0,0,0,0,0,0,0,0,0,0,0,0,42,0,0,169
159,0,0,0,0,0,0,0,0,42,0,0,0,0,0,0,0,0,0,0,0,0,0,170
160,42,0,0,0,0,0,0,0,0,0,0,0,0,0,0,0,0,0,0,0,0,0,171
161,0,0,42,0,0,0,0,0,0,0,0,0,0,0,0,0,0,0,0,0,0,0,172
162,0,0,0,0,0,24,0,0,0,0,0,0,0,0,0,18,0,0,0,0,0,0,173
163,0,0,0,0,0,0,0,0,0,0,0,0,0,0,0,42,0,0,0,0,0,0,174
164,0,0,0,0,0,0,0,0,0,0,0,0,42,0,0,0,0,0,0,0,0,0,175
165,0,0,0,0,0,0,0,0,0,0,0,0,0,0,0,0,0,0,42,0,0,0,176
166,0,0,0,0,0,0,0,0,36,0,0,6,0,0,0,0,0,0,0,0,0,0,177
167,24,0,0,0,0,0,0,0,0,0,0,0,0,0,0,0,6,0,12,0,0,0,178
168,0,0,0,0,0,42,0,0,0,0,0,0,0,0,0,0,0,0,0,0,0,0,179
169,0,0,0,0,0,0,0,0,0,0,0,0,0,0,0,0,0,0,42,0,0,0,180
170,0,0,0,42,0,0,0,0,0,0,0,0,0,0,0,0,0,0,0,0,0,0,181
171,0,0,0,0,0,0,0,0,0,0,0,0,0,0,0,0,42,0,0,0,0,0,182
172,0,0,0,0,0,0,0,0,0,0,0,0,0,0,0,0,42,0,0,0,0,0,183
173,0,0,0,0,0,0,0,0,18,0,0,0,0,0,0,0,24,0,0,0,0,0,184
174,0,0,0,0,0,0,0,0,0,0,0,0,42,0,0,0,0,0,0,0,0,0,185
175,0,0,0,0,0,0,0,0,0,0,0,0,0,0,0,42,0,0,0,0,0,0,186
176,0,0,0,0,0,0,0,0,42,0,0,0,0,0,0,0,0,0,0,0,0,0,187
177,0,0,0,0,0,0,0,0,0,0,0,0,0,42,0,0,0,0,0,0,0,0,188
178,0,0,0,0,0,0,0,0,0,0,0,0,0,0,0,42,0,0,0,0,0,0,189
179,0,0,0,0,0,0,0,0,0,0,0,42,0,0,0,0,0,0,0,0,0,0,190
180,0,0,0,0,0,0,0,0,0,0,0,42,0,0,0,0,0,0,0,0,0,0,191
181,0,0,0,0,0,0,0,0,42,0,0,0,0,0,0,0,0,0,0,0,0,0,192
182,0,0,0,0,0,0,0,0,0,0,0,0,0,0,0,0,0,0,0,0,42,0,193
183,42,0,0,0,0,0,0,0,0,0,0,0,0,0,0,0,0,0,0,0,0,0,194
184,42,0,0,0,0,0,0,0,0,0,0,0,0,0,0,0,0,0,0,0,0,0,195
185,0,0,0,0,0,0,0,0,0,0,0,0,0,0,0,42,0,0,0,0,0,0,196
186,0,0,0,0,0,0,0,0,0,0,0,0,0,0,0,42,0,0,0,0,0,0,197
187,0,0,0,0,0,0,0,0,0,0,0,0,0,0,0,0,0,0,0,0,42,0,198
188,0,0,0,0,0,0,0,0,0,42,0,0,0,0,0,0,0,0,0,0,0,0,199
189,0,0,0,0,0,0,0,0,0,0,0,0,0,0,0,42,0,0,0,0,0,0,200
190,0,0,0,0,0,0,0,0,0,42,0,0,0,0,0,0,0,0,0,0,0,0,201
191,0,0,0,0,0,0,0,0,0,0,0,0,0,0,0,0,42,0,0,0,0,0,202
192,0,0,0,0,0,0,0,0,0,0,0,0,42,0,0,0,0,0,0,0,0,0,203
193,0,0,0,42,0,0,0,0,0,0,0,0,0,0,0,0,0,0,0,0,0,0,204
194,0,0,0,0,0,0,0,0,0,0,0,0,0,42,0,0,0,0,0,0,0,0,205
195,0,0,0,0,0,0,0,0,0,0,0,0,0,0,0,0,0,0,0,42,0,0,206
196,0,0,0,0,0,0,0,0,42,0,0,0,0,0,0,0,0,0,0,0,0,0,207
197,0,0,0,0,0,0,0,0,0,0,0,0,0,0,0,42,0,0,0,0,0,0,208
198,0,0,0,0,0,0,42,0,0,0,0,0,0,0,0,0,0,0,0,0,0,0,209
199,0,0,0,0,0,0,0,0,12,0,0,0,0,0,30,0,0,0,0,0,0,0,210
200,0,0,0,0,0,0,0,0,0,0,0,0,0,0,0,42,0,0,0,0,0,0,211
201,0,0,0,0,0,0,0,0,0,0,0,0,0,0,0,0,0,0,0,0,42,0,212
202,0,0,0,0,0,0,0,0,0,0,0,0,0,0,0,42,0,0,0,0,0,0,213
203,0,42,0,0,0,0,0,0,0,0,0,0,0,0,0,0,0,0,0,0,0,0,214
204,0,0,0,0,0,0,0,0,0,0,0,0,0,30,12,0,0,0,0,0,0,0,215
205,0,0,0,0,0,0,0,0,0,0,0,0,0,0,0,0,0,0,42,0,0,0,216
206,0,0,0,0,0,0,0,0,0,0,0,0,0,0,0,0,42,0,0,0,0,0,217
207,0,0,0,0,0,0,42,0,0,0,0,0,0,0,0,0,0,0,0,0,0,0,218
208,0,0,0,42,0,0,0,0,0,0,0,0,0,0,0,0,0,0,0,0,0,0,219
209,0,0,0,0,0,42,0,0,0,0,0,0,0,0,0,0,0,0,0,0,0,0,220
210,0,0,0,0,0,0,0,0,0,0,0,0,0,0,0,42,0,0,0,0,0,0,221
211,0,0,0,0,0,0,0,0,0,0,0,0,0,0,0,0,42,0,0,0,0,0,222
212,0,0,0,0,0,0,0,0,0,0,0,0,0,0,0,0,0,0,42,0,0,0,223
213,0,0,0,42,0,0,0,0,0,0,0,0,0,0,0,0,0,0,0,0,0,0,224
214,0,0,0,0,0,0,0,0,42,0,0,0,0,0,0,0,0,0,0,0,0,0,225
215,0,0,0,0,0,0,0,0,0,0,0,0,0,0,0,0,42,0,0,0,0,0,226
216,0,0,0,0,0,0,0,0,0,0,0,0,0,0,0,0,0,0,42,0,0,0,227
217,42,0,0,0,0,0,0,0,0,0,0,0,0,0,0,0,0,0,0,0,0,0,228
218,0,0,0,0,0,0,0,0,0,0,0,0,42,0,0,0,0,0,0,0,0,0,229
219,18,0,0,0,0,0,0,0,0,0,0,0,0,0,0,0,24,0,0,0,0,0,230
220,0,0,0,42,0,0,0,0,0,0,0,0,0,0,0,0,0,0,0,0,0,0,231
221,0,42,0,0,0,0,0,0,0,0,0,0,0,0,0,0,0,0,0,0,0,0,232
222,0,0,0,0,0,0,0,0,0,0,0,0,0,0,0,42,0,0,0,0,0,0,233
